{
  "timestamp": "2025-12-26T21:19:13.816417",
  "episodes": 50,
  "best_reward": 560.1295938960524,
  "worst_reward": 422.27442147042086,
  "avg_reward": 491.0052126722481,
  "final_10_avg": 510.62379526845496,
  "final_20_avg": 509.15379025506337,
  "episode_rewards": [
    470.75872376927094,
    461.3033697109856,
    445.84155505353704,
    453.5318447316261,
    451.96426013739523,
    475.435531935244,
    476.4245392245781,
    477.06728013330184,
    504.39546651007765,
    474.8027642776935,
    436.44605691807374,
    497.3708303000159,
    498.12303014849266,
    495.7141004582023,
    468.19686205877963,
    515.9213409670169,
    456.6076225541199,
    471.44951767919076,
    456.8898953521355,
    496.3426053490078,
    487.6235692226541,
    525.6599267286516,
    422.27442147042086,
    476.65348691028237,
    505.0382771367215,
    495.9541437182924,
    502.9836698779159,
    476.6954409257674,
    504.77999802502796,
    484.9346972266611,
    490.19294209441824,
    515.6302241507816,
    507.150994457658,
    471.491130111822,
    507.52791026808836,
    476.19628808001056,
    538.7414056956346,
    526.5552532042793,
    517.33993277238,
    526.0117715816424,
    518.882253309089,
    521.2198438773763,
    475.5485354559869,
    518.3693020559791,
    438.8862095605101,
    517.8101571925157,
    560.1295938960524,
    530.5804149599236,
    489.31658696036595,
    535.495055416751
  ],
  "episode_lengths": [
    288,
    288,
    288,
    288,
    288,
    288,
    288,
    288,
    288,
    288,
    288,
    288,
    288,
    288,
    288,
    288,
    288,
    288,
    288,
    288,
    288,
    288,
    288,
    288,
    288,
    288,
    288,
    288,
    288,
    288,
    288,
    288,
    288,
    288,
    288,
    288,
    288,
    288,
    288,
    288,
    288,
    288,
    288,
    288,
    288,
    288,
    288,
    288,
    288,
    288
  ],
  "agent_type": "AdvancedA2C",
  "environment": "EnhancedParkingEnvironment"
}